timestamp,asset_id,open,high,low,close,volume
2024-01-02T09:30:00,AAPL_LOCAL,100.0,100.03999999999999,99.88306042553762,99.92302963739257,100000
2024-01-02T10:30:00,AAPL_LOCAL,99.92302963739257,99.96599654013664,99.83441718096952,99.87811385578142,105000
2024-01-02T11:30:00,AAPL_LOCAL,99.87811385578142,99.92405778815507,99.81393659612455,99.86137074722949,110000
2024-01-02T12:30:00,AAPL_LOCAL,99.86137074722949,99.91829657289867,99.81019179472153,99.86936058621144,115000
2024-01-03T09:30:00,AAPL_LOCAL,99.86936058621144,99.95136520377595,99.82941284197696,99.89941750667249,120000
2024-01-03T10:30:00,AAPL_LOCAL,99.89941750667249,99.98986453296568,99.85571151151332,99.94988457913404,125000
2024-01-03T11:30:00,AAPL_LOCAL,99.94988457913404,100.06323589655851,99.90240838395894,100.02022719886301,130000
2024-01-03T12:30:00,AAPL_LOCAL,100.02022719886301,100.15706422758473,99.9689668324236,100.11101316153044,135000
2024-01-04T09:30:00,AAPL_LOCAL,100.11101316153044,100.27287238122685,100.07096875626583,100.22376273748549,140000
2024-01-04T10:30:00,AAPL_LOCAL,100.22376273748549,100.41287419634574,100.17991484128784,100.36068663929332,145000
2024-01-04T11:30:00,AAPL_LOCAL,100.36068663929332,100.56455197440542,100.31301531313966,100.52434223751042,150000
2024-01-04T12:30:00,AAPL_LOCAL,100.52434223751042,100.56756770467254,100.400222920741,100.45170441925586,155000
2024-01-05T09:30:00,AAPL_LOCAL,100.45170441925586,100.4979122032887,100.36976432892041,100.40992830024051,160000
2024-01-05T10:30:00,AAPL_LOCAL,100.40992830024051,100.45912916510761,100.35616180198353,100.40008683997603,165000
2024-01-05T11:30:00,AAPL_LOCAL,100.40008683997603,100.47444815995615,100.35239679872704,100.4222286010836,170000
2024-01-05T12:30:00,AAPL_LOCAL,100.4222286010836,100.5154388322022,100.37076220892556,100.47524873270912,175000
2024-01-08T09:30:00,AAPL_LOCAL,100.47524873270912,100.60013077515669,100.43505863321604,100.55689131189258,180000
2024-01-08T10:30:00,AAPL_LOCAL,100.55689131189258,100.71019071512775,100.51289767194363,100.66388532787694,100000
2024-01-08T11:30:00,AAPL_LOCAL,100.66388532787694,100.84159081692077,100.6160699823462,100.79220263762835,105000
2024-01-08T12:30:00,AAPL_LOCAL,100.79220263762835,100.98990058970902,100.74054663377657,100.9374131348789,110000
2024-01-09T09:30:00,AAPL_LOCAL,100.9374131348789,101.13553946820689,100.89703816962495,101.09510142763584,115000
2024-01-09T10:30:00,AAPL_LOCAL,101.09510142763584,101.30484410207139,101.05087232076126,101.26130174232219,120000
2024-01-09T11:30:00,AAPL_LOCAL,101.26130174232219,101.30788194112365,101.11742131504299,101.16547491562791,125000
2024-01-09T12:30:00,AAPL_LOCAL,101.16547491562791,101.21504599833655,101.02111471564535,101.07291458436984,130000
2024-01-10T09:30:00,AAPL_LOCAL,101.07291458436984,101.1254724999537,100.94270097981274,100.98309421749974,135000
2024-01-10T10:30:00,AAPL_LOCAL,100.98309421749974,101.02348745518674,100.85283716669483,100.89697959526775,140000
2024-01-10T11:30:00,AAPL_LOCAL,100.89697959526775,100.94036529649371,100.76906399304933,100.81695204527084,145000
2024-01-10T12:30:00,AAPL_LOCAL,100.81695204527084,100.86332784321165,100.69496179486671,100.74659442450927,150000
2024-01-11T09:30:00,AAPL_LOCAL,100.74659442450927,100.79596025577726,100.65008721477564,100.69036336011968,155000
2024-01-11T10:30:00,AAPL_LOCAL,100.69036336011968,100.74272234906692,100.60914769323999,100.65318346100418,160000
2024-01-11T11:30:00,AAPL_LOCAL,100.65318346100418,100.69344473438858,100.59220301718021,100.64000702051496,165000
2024-01-11T12:30:00,AAPL_LOCAL,100.64000702051496,100.69866726255952,100.58842901691695,100.6553854468174,170000
2024-01-12T09:30:00,AAPL_LOCAL,100.6553854468174,100.7494197200166,100.61512329263869,100.70309629572058,175000
2024-01-12T10:30:00,AAPL_LOCAL,100.70309629572058,100.75244081290548,100.47616161447698,100.5201391753662,180000
2024-01-12T11:30:00,AAPL_LOCAL,100.5201391753662,100.57240964773737,100.32614069925431,100.3738182629292,100000
2024-01-12T12:30:00,AAPL_LOCAL,100.3738182629292,100.41396779023437,100.21272386380267,100.2641092197778,105000
2024-01-15T09:30:00,AAPL_LOCAL,100.2641092197778,100.30722278674229,100.14978608405697,100.18986202886852,110000
2024-01-15T10:30:00,AAPL_LOCAL,100.18986202886852,100.2359493654018,100.10522456766053,100.14903977256103,115000
2024-01-15T11:30:00,AAPL_LOCAL,100.14903977256103,100.19811280204956,100.09148123849074,100.13904728595158,120000
2024-01-15T12:30:00,AAPL_LOCAL,100.13904728595158,100.20919478395537,100.08772602421753,100.15711308515111,125000
2024-01-16T09:30:00,AAPL_LOCAL,100.15711308515111,100.24076255224368,100.11705023991705,100.20068227933196,130000
2024-01-16T10:30:00,AAPL_LOCAL,100.20068227933196,100.3108919188434,100.15684448083475,100.26777677483022,135000
2024-01-16T11:30:00,AAPL_LOCAL,100.26777677483022,100.40344669640376,100.22014958086218,100.35728234652437,140000
2024-01-16T12:30:00,AAPL_LOCAL,100.35728234652437,100.51835982969764,100.30584923932179,100.4691299560192,145000
2024-01-17T09:30:00,AAPL_LOCAL,100.4691299560192,100.52137390359631,100.29896946475884,100.33910510680155,150000
2024-01-17T10:30:00,AAPL_LOCAL,100.33910510680155,100.37924074884427,100.19050523717473,100.23435776869853,155000
2024-01-17T11:30:00,AAPL_LOCAL,100.23435776869853,100.27745854253907,100.10995898461074,100.157533813172,160000
2024-01-17T12:30:00,AAPL_LOCAL,100.157533813172,100.20360627872604,100.06044577779956,100.11175305123831,165000
2024-01-18T09:30:00,AAPL_LOCAL,100.11175305123831,100.16080781023341,100.06018985443237,100.10022994641092,170000
2024-01-18T10:30:00,AAPL_LOCAL,100.10022994641092,100.17793728829348,100.05643609580936,100.12587183493932,175000
2024-01-18T11:30:00,AAPL_LOCAL,100.12587183493932,100.23097465198549,100.07831204581773,100.19089829266842,180000
2024-01-18T12:30:00,AAPL_LOCAL,100.19089829266842,100.3396502924606,100.13955045729344,100.29652278766191,100000
2024-01-19T09:30:00,AAPL_LOCAL,100.29652278766191,100.48893485306353,100.25640417854686,100.44273119671304,105000
2024-01-19T10:30:00,AAPL_LOCAL,100.44273119671304,100.67748975931211,100.39878750181448,100.62818195015655,110000
2024-01-19T11:30:00,AAPL_LOCAL,100.62818195015655,100.90268259401324,100.58038356373022,100.85024046896939,115000
2024-01-19T12:30:00,AAPL_LOCAL,100.85024046896939,100.89058056515697,100.78690186871299,100.83858164180441,120000
2024-01-22T09:30:00,AAPL_LOCAL,100.83858164180441,100.8977530417305,100.79824620914769,100.85438565589847,125000
2024-01-22T10:30:00,AAPL_LOCAL,100.85438565589847,100.93882967670697,100.81026186217402,100.89241916389159,130000
2024-01-22T11:30:00,AAPL_LOCAL,100.89241916389159,100.9969458539542,100.84449526478873,100.9474815879761,135000
2024-01-22T12:30:00,AAPL_LOCAL,100.9474815879761,101.06737449774131,100.89574600366227,101.01484677741708,140000
2024-01-23T09:30:00,AAPL_LOCAL,101.01484677741708,101.13109983239549,100.97444083870612,101.09066356696871,145000
2024-01-23T10:30:00,AAPL_LOCAL,101.09066356696871,101.21577700222889,101.04643640165817,101.17227292487121,150000
2024-01-23T11:30:00,AAPL_LOCAL,101.17227292487121,101.30498672260093,101.1242160952319,101.25840785498764,155000
2024-01-23T12:30:00,AAPL_LOCAL,101.25840785498764,101.39891600052917,101.20651292096197,101.34925486564502,160000
2024-01-24T09:30:00,AAPL_LOCAL,101.34925486564502,101.49912329761237,101.30871516369876,101.4463711845964,165000
2024-01-24T10:30:00,AAPL_LOCAL,101.4463711845964,101.59308904997737,101.40198839720314,101.55246806275227,170000
2024-01-24T11:30:00,AAPL_LOCAL,101.55246806275227,101.59613562401924,101.35486128737055,101.40302772554018,175000
2024-01-24T12:30:00,AAPL_LOCAL,101.40302772554018,101.44967311829393,101.2181736609158,101.27007457413504,180000
2024-01-25T09:30:00,AAPL_LOCAL,101.27007457413504,101.31969691067636,101.1169637034245,101.15742667409414,100000
2024-01-25T10:30:00,AAPL_LOCAL,101.15742667409414,101.21002853596465,101.02424954646867,101.06846700078151,105000
2024-01-25T11:30:00,AAPL_LOCAL,101.06846700078151,101.10889438758181,100.95783271016046,101.00581047013377,110000
2024-01-25T12:30:00,AAPL_LOCAL,101.00581047013377,101.04924296863592,100.9193256091355,100.97107328419364,115000
2024-01-26T09:30:00,AAPL_LOCAL,100.97107328419364,101.01751997790436,100.92438147280139,100.96476737975328,120000
2024-01-26T10:30:00,AAPL_LOCAL,100.96476737975328,101.03581257415847,100.92059529402464,100.9863292728148,125000
2024-01-26T11:30:00,AAPL_LOCAL,100.9863292728148,101.08681621006431,100.93836076641021,101.03427838530396,130000
2024-01-26T12:30:00,AAPL_LOCAL,101.03427838530396,101.14692889305225,100.98249831763151,101.10648629853284,135000
2024-01-29T09:30:00,AAPL_LOCAL,101.10648629853284,101.24404275907484,101.06604370401344,101.2005265326658,140000
2024-01-29T10:30:00,AAPL_LOCAL,101.2005265326658,101.24707877487081,101.00274113788825,101.0469491781537,145000
2024-01-29T11:30:00,AAPL_LOCAL,101.0469491781537,101.09646218325098,100.8630987712351,100.91103151120292,150000
2024-01-29T12:30:00,AAPL_LOCAL,100.91103151120292,100.96350524758873,100.73995669999886,100.79161240135454,155000
2024-01-30T09:30:00,AAPL_LOCAL,100.79161240135454,100.83192904631508,100.64833054008636,100.68860598247934,160000
2024-01-30T10:30:00,AAPL_LOCAL,100.68860598247934,100.7319020830518,100.55910777566113,100.60312164137923,165000
2024-01-30T11:30:00,AAPL_LOCAL,100.60312164137923,100.64939907733425,100.48969383390258,100.53744912223564,170000
2024-01-30T12:30:00,AAPL_LOCAL,100.53744912223564,100.58671247230552,100.44340529483983,100.49490893566936,175000
2024-01-31T09:30:00,AAPL_LOCAL,100.49490893566936,100.54716628831589,100.4393914813772,100.47958331470308,180000
2024-01-31T10:30:00,AAPL_LOCAL,100.47958331470308,100.53615444653656,100.4356234970029,100.49595606411091,100000
2024-01-31T11:30:00,AAPL_LOCAL,100.49595606411091,100.59173515478886,100.44822048498047,100.54849930008983,105000
2024-01-31T12:30:00,AAPL_LOCAL,100.54849930008983,100.68754530003463,100.49696819419854,100.64125032488519,110000
2024-02-01T09:30:00,AAPL_LOCAL,100.64125032488519,100.69056453754438,100.47151620784693,100.5117208962054,115000
2024-02-01T10:30:00,AAPL_LOCAL,100.5117208962054,100.56398699107142,100.38349316363032,100.4274301643272,120000
2024-02-01T11:30:00,AAPL_LOCAL,100.4274301643272,100.46760113639293,100.34105551710402,100.38874016868415,125000
2024-02-01T12:30:00,AAPL_LOCAL,100.38874016868415,100.43776075105077,100.33729093934771,100.39459107688772,130000
2024-02-02T09:30:00,AAPL_LOCAL,100.39459107688772,100.4887771468609,100.35443324045697,100.44257356302192,135000
2024-02-02T10:30:00,AAPL_LOCAL,100.44257356302192,100.57838969591995,100.3986299370881,100.52913042201318,140000
2024-02-02T11:30:00,AAPL_LOCAL,100.52913042201318,100.70220596773315,100.48137908506273,100.64986803635426,145000
2024-02-02T12:30:00,AAPL_LOCAL,100.64986803635426,100.84026712177118,100.59828497898565,100.79994714291402,150000
2024-02-05T09:30:00,AAPL_LOCAL,100.79994714291402,101.01793286759326,100.75962716405687,100.97451382664781,155000
2024-02-05T10:30:00,AAPL_LOCAL,100.97451382664781,101.2156646062667,100.93033747684865,101.16912680793506,160000
2024-02-05T11:30:00,AAPL_LOCAL,101.16912680793506,101.42981295902803,101.12107147270129,101.38013669204894,165000
2024-02-05T12:30:00,AAPL_LOCAL,101.38013669204894,101.43285436312878,101.28515866554162,101.33709392617877,170000
2024-02-06T09:30:00,AAPL_LOCAL,101.33709392617877,101.37762876374923,101.26550549864281,101.30602790980673,175000
2024-02-06T10:30:00,AAPL_LOCAL,101.30602790980673,101.34958950180794,101.24251182169834,101.28682480755164,180000
2024-02-06T11:30:00,AAPL_LOCAL,101.28682480755164,101.33341674696311,101.23243970047064,101.28054796075199,100000
2024-02-06T12:30:00,AAPL_LOCAL,101.28054796075199,101.33882790722113,101.2286416799221,101.28919620108262,105000
2024-02-07T09:30:00,AAPL_LOCAL,101.28919620108262,101.3680524336891,101.24868052260219,101.31536844209923,110000
2024-02-07T10:30:00,AAPL_LOCAL,101.31536844209923,101.40241841792268,101.27104296840581,101.3618736684553,115000
2024-02-07T11:30:00,AAPL_LOCAL,101.3618736684553,101.47494641056326,101.31372677846278,101.43133093825982,120000
2024-02-07T12:30:00,AAPL_LOCAL,101.43133093825982,101.57250633645519,101.37934738115396,101.52580446640066,125000
2024-02-08T09:30:00,AAPL_LOCAL,101.52580446640066,101.6963212515824,101.4851941446141,101.64651445949727,130000
2024-02-08T10:30:00,AAPL_LOCAL,101.64651445949727,101.84658851652128,101.60204410942124,101.79365581549723,135000
2024-02-08T11:30:00,AAPL_LOCAL,101.79365581549723,101.83437327782343,101.64920264595557,101.69750896271286,140000
2024-02-08T12:30:00,AAPL_LOCAL,101.69750896271286,101.74123889156682,101.57262232284533,101.6247049841497,145000
2024-02-09T09:30:00,AAPL_LOCAL,101.6247049841497,101.6714523484424,101.53178462666739,101.57241359210423,150000
2024-02-09T10:30:00,AAPL_LOCAL,101.57241359210423,101.62218407476435,101.49294398414291,101.53736658202254,155000
2024-02-09T11:30:00,AAPL_LOCAL,101.53736658202254,101.59016601264518,101.468026435918,101.51624665307821,160000
2024-02-09T12:30:00,AAPL_LOCAL,101.51624665307821,101.55685315173945,101.45407847077351,101.50610034720144,165000
2024-02-12T09:30:00,AAPL_LOCAL,101.50610034720144,101.54974797035072,101.46412721477125,101.50472910641382,170000
2024-02-12T10:30:00,AAPL_LOCAL,101.50472910641382,101.55770912440464,101.46032078742977,101.511014057938,175000
2024-02-12T11:30:00,AAPL_LOCAL,101.511014057938,101.57488417566738,101.46279632626047,101.52513685860667,180000
2024-02-12T12:30:00,AAPL_LOCAL,101.52513685860667,101.60147547846756,101.47310522596665,101.54867016997919,100000
2024-02-13T09:30:00,AAPL_LOCAL,101.54867016997919,101.62515963503425,101.5080507019112,101.58452582470437,105000
2024-02-13T10:30:00,AAPL_LOCAL,101.58452582470437,101.62820717080899,101.32444865803011,101.36879750693939,110000
2024-02-13T11:30:00,AAPL_LOCAL,101.36879750693939,101.41542715379256,101.1266146246117,101.1746725940939,115000
2024-02-13T12:30:00,AAPL_LOCAL,101.1746725940939,101.224248183665,100.95551966861788,101.00728590264298,120000
2024-02-14T09:30:00,AAPL_LOCAL,101.00728590264298,101.05980969131234,100.83137183226762,100.8717205204758,125000
2024-02-14T10:30:00,AAPL_LOCAL,100.8717205204758,100.91206920868399,100.72848496036781,100.77257296103826,130000
2024-02-14T11:30:00,AAPL_LOCAL,100.77257296103826,100.8159051674115,100.66573021780555,100.71356916315804,135000
2024-02-14T12:30:00,AAPL_LOCAL,100.71356916315804,100.75989740497309,100.64566168790898,100.6972690382911,140000
2024-02-15T09:30:00,AAPL_LOCAL,100.6972690382911,100.77424284428828,100.65699013067578,100.72488764934012,145000
2024-02-15T10:30:00,AAPL_LOCAL,100.72488764934012,100.8486631745087,100.68082051099353,100.79624912496374,150000
2024-02-15T11:30:00,AAPL_LOCAL,100.79624912496374,100.95024015967866,100.74837090662938,100.90987620919498,155000
2024-02-15T12:30:00,AAPL_LOCAL,100.90987620919498,101.10666219815857,100.85815989763778,101.06320501999998,160000
2024-02-16T09:30:00,AAPL_LOCAL,101.06320501999998,101.10969409430918,100.94555270270627,100.98594708153888,165000
2024-02-16T10:30:00,AAPL_LOCAL,100.98594708153888,101.03543019560882,100.89671235082672,100.94087398319436,170000
2024-02-16T11:30:00,AAPL_LOCAL,100.94087398319436,100.9933632376656,100.87613645692552,100.92407539273707,175000
2024-02-16T12:30:00,AAPL_LOCAL,100.92407539273707,100.97248061001928,100.8723518040983,100.93210776691251,180000
2024-02-19T09:30:00,AAPL_LOCAL,100.93210776691251,101.0057389614649,100.89173492380574,100.9623251616454,100000
2024-02-19T10:30:00,AAPL_LOCAL,100.9623251616454,101.0595767791303,100.91815414438717,101.01311074818614,105000
2024-02-19T11:30:00,AAPL_LOCAL,101.01311074818614,101.1335154993994,100.96512952058075,101.08398434706935,110000
2024-02-19T12:30:00,AAPL_LOCAL,101.08398434706935,101.2281863232777,101.03217880509148,101.1755750242651,115000
2024-02-20T09:30:00,AAPL_LOCAL,101.1755750242651,101.3299787010325,101.1351047942554,101.28946291586615,120000
2024-02-20T10:30:00,AAPL_LOCAL,101.28946291586615,101.47152311479859,101.24514877584046,101.42790911387962,125000
2024-02-20T11:30:00,AAPL_LOCAL,101.42790911387962,101.64023788903937,101.37973085705053,101.59350487679605,130000
2024-02-20T12:30:00,AAPL_LOCAL,101.59350487679605,101.64328569418566,101.46838300957863,101.5204122208418,135000
2024-02-21T09:30:00,AAPL_LOCAL,101.5204122208418,101.57320283519662,101.43800057855799,101.47859201536413,140000
2024-02-21T10:30:00,AAPL_LOCAL,101.47859201536413,101.51918345217027,101.42468502401074,101.4690777455244,145000
2024-02-21T11:30:00,AAPL_LOCAL,101.4690777455244,101.53549899866614,101.42087993359527,101.49185749994118,150000
2024-02-21T12:30:00,AAPL_LOCAL,101.49185749994118,101.59246145948838,101.43984292297246,101.54575041429781,155000
2024-02-22T09:30:00,AAPL_LOCAL,101.54575041429781,101.67821427591086,101.5051321141321,101.62841635189844,160000
2024-02-22T10:30:00,AAPL_LOCAL,101.62841635189844,101.78940334805593,101.58395391974449,101.73650036786465,165000
2024-02-22T11:30:00,AAPL_LOCAL,101.73650036786465,101.90664577382158,101.68817553018991,101.86589941405596,170000
2024-02-22T12:30:00,AAPL_LOCAL,101.86589941405596,102.05599081531807,101.81369314060626,102.0121256013095,175000
2024-02-23T09:30:00,AAPL_LOCAL,102.0121256013095,102.2177279612753,101.97132075106899,102.17072942573947,180000
2024-02-23T10:30:00,AAPL_LOCAL,102.17072942573947,102.3878844181282,102.1260297316157,102.33773892605444,100000
2024-02-23T11:30:00,AAPL_LOCAL,102.33773892605444,102.39095455029597,102.19123424951114,102.23979815363411,105000
2024-02-23T12:30:00,AAPL_LOCAL,102.23979815363411,102.28069407289556,102.09274612944476,102.14509549088383,110000
2024-02-26T09:30:00,AAPL_LOCAL,102.14509549088383,102.1890178819449,102.0123570499635,102.05317832129201,115000
2024-02-26T10:30:00,AAPL_LOCAL,102.05317832129201,102.10012278331979,101.92049207028644,101.96510180232495,120000
2024-02-26T11:30:00,AAPL_LOCAL,101.96510180232495,102.01506470220808,101.83494888010671,101.88334346825413,125000
2024-02-26T12:30:00,AAPL_LOCAL,101.88334346825413,101.9363228068576,101.75940159012889,101.81158002489164,130000
2024-02-27T09:30:00,AAPL_LOCAL,101.81158002489164,101.8523046569016,101.71364911595674,101.75435085629925,135000
2024-02-27T10:30:00,AAPL_LOCAL,101.75435085629925,101.79810522716745,101.67214385154661,101.71664488368322,140000
2024-02-27T11:30:00,AAPL_LOCAL,101.71664488368322,101.7634345403297,101.6551459002034,101.70345504134804,145000
2024-02-27T12:30:00,AAPL_LOCAL,101.70345504134804,101.76918957639133,101.65133202063936,101.71934709631414,150000
2024-02-28T09:30:00,AAPL_LOCAL,101.71934709631414,101.8210062919854,101.67865935747561,101.76808688680427,155000
2024-02-28T10:30:00,AAPL_LOCAL,101.76808688680427,101.80879412155899,101.53938438718811,101.58382731163695,160000
2024-02-28T11:30:00,AAPL_LOCAL,101.58382731163695,101.62750835738095,101.38844650030069,101.43662889902772,165000
2024-02-28T12:30:00,AAPL_LOCAL,101.43662889902772,101.48328974832127,101.27447120961877,101.3264009901262,170000
2024-02-29T09:30:00,AAPL_LOCAL,101.3264009901262,101.37605092661136,101.21142454871551,101.25192531884305,175000
2024-02-29T10:30:00,AAPL_LOCAL,101.25192531884305,101.30457632000883,101.16682315381503,101.2111030113825,180000
2024-02-29T11:30:00,AAPL_LOCAL,101.2111030113825,101.25158745258706,101.15322002511718,101.2012906381703,100000
2024-02-29T12:30:00,AAPL_LOCAL,101.2012906381703,101.26321238433793,101.14942497671825,101.21968791853297,105000
2024-03-01T09:30:00,AAPL_LOCAL,101.21968791853297,101.31031546325855,101.17920004336555,101.26373414555161,110000
2024-03-01T10:30:00,AAPL_LOCAL,101.26373414555161,101.38112165232488,101.21943126186294,101.33146923240102,115000
2024-03-01T11:30:00,AAPL_LOCAL,101.33146923240102,101.47455818510197,101.28333678451563,101.42181883930554,120000
2024-03-01T12:30:00,AAPL_LOCAL,101.42181883930554,101.57538506786757,101.3698401571504,101.53477115940382,125000
2024-03-04T09:30:00,AAPL_LOCAL,101.53477115940382,101.57843111100236,101.36280494279781,101.40336628931352,130000
2024-03-04T10:30:00,AAPL_LOCAL,101.40336628931352,101.4500118378066,101.2533183133442,101.29763602910693,135000
2024-03-04T11:30:00,AAPL_LOCAL,101.29763602910693,101.34727187076118,101.17220798056435,101.2202876171825,140000
2024-03-04T12:30:00,AAPL_LOCAL,101.2202876171825,101.27292216674343,101.12263612722899,101.17448805235581,145000
2024-03-05T09:30:00,AAPL_LOCAL,101.17448805235581,101.21495784757676,101.12301305644166,101.1634784478208,150000
2024-03-05T10:30:00,AAPL_LOCAL,101.1634784478208,101.23367978718424,101.11921942599987,101.19016801493783,155000
2024-03-05T11:30:00,AAPL_LOCAL,101.19016801493783,101.30332986510135,101.14210268513072,101.25675175929209,160000
2024-03-05T12:30:00,AAPL_LOCAL,101.25675175929209,101.41406175880296,101.20485767401546,101.36439320613196,165000
2024-03-06T09:30:00,AAPL_LOCAL,101.36439320613196,101.56579340412931,101.32384744884952,101.51300664067617,170000
2024-03-06T10:30:00,AAPL_LOCAL,101.51300664067617,101.74184374513655,101.46859470027087,101.70116327982463,175000
2024-03-06T11:30:00,AAPL_LOCAL,101.70116327982463,101.96996170490154,101.65285522726671,101.92613346751051,180000
2024-03-06T12:30:00,AAPL_LOCAL,101.92613346751051,101.97301948890555,101.8624220488717,101.9146533086924,100000
2024-03-07T09:30:00,AAPL_LOCAL,101.9146533086924,101.9806005562338,101.87388744736892,101.93065453551141,105000
2024-03-07T10:30:00,AAPL_LOCAL,101.93065453551141,102.0218612583185,101.88605987415212,101.96883746283784,110000
2024-03-07T11:30:00,AAPL_LOCAL,101.96883746283784,102.06476937340861,101.920402265043,102.02395978949282,115000
2024-03-07T12:30:00,AAPL_LOCAL,102.02395978949282,102.13518114237301,101.97167251010072,102.09128189115982,120000
2024-03-08T09:30:00,AAPL_LOCAL,102.09128189115982,102.21396494351603,102.05044537840337,102.16696813817248,125000
2024-03-08T10:30:00,AAPL_LOCAL,102.16696813817248,102.29850353232837,102.12227008961203,102.24840181543881,130000
2024-03-08T11:30:00,AAPL_LOCAL,102.24840181543881,102.38759391952854,102.19983382457647,102.33438004190677,135000
2024-03-08T12:30:00,AAPL_LOCAL,102.33438004190677,102.46613812744677,102.2819336721353,102.42516806022269,140000
2024-03-11T09:30:00,AAPL_LOCAL,102.42516806022269,102.56649252821043,102.38419799299861,102.52240789281653,145000
2024-03-11T10:30:00,AAPL_LOCAL,102.52240789281653,102.6761019692847,102.47755433936342,102.62889267865253,150000
2024-03-11T11:30:00,AAPL_LOCAL,102.62889267865253,102.67918083606506,102.42865859900414,102.47733533328744,155000
2024-03-11T12:30:00,AAPL_LOCAL,102.47733533328744,102.53062354766074,102.29020367226279,102.3426542825826,160000
2024-03-12T09:30:00,AAPL_LOCAL,102.3426542825826,102.38359134429562,102.18780251060265,102.22869398819793,165000
2024-03-12T10:30:00,AAPL_LOCAL,102.22869398819793,102.27265232661286,102.09415330944395,102.13883905152899,170000
2024-03-12T11:30:00,AAPL_LOCAL,102.13883905152899,102.18582291749269,102.02719650015425,102.07568244931767,175000
2024-03-12T12:30:00,AAPL_LOCAL,102.07568244931767,102.12569953371782,101.9885028236356,102.04079873298625,180000
2024-03-13T09:30:00,AAPL_LOCAL,102.04079873298625,102.09385994832738,101.99383066934419,102.03464452715505,100000
2024-03-13T10:30:00,AAPL_LOCAL,102.03464452715505,102.09741758906584,101.99000437017442,102.05659495108542,105000
2024-03-13T11:30:00,AAPL_LOCAL,102.05659495108542,102.14901542513333,102.00811806848365,102.10511022773541,110000
2024-03-13T12:30:00,AAPL_LOCAL,102.10511022773541,102.22501491135665,102.0527813587437,102.17801302536499,115000
2024-03-14T09:30:00,AAPL_LOCAL,102.17801302536499,102.32295893277312,102.13714182015485,102.27284523860621,120000
2024-03-14T10:30:00,AAPL_LOCAL,102.27284523860621,102.32602711813027,102.07264190693283,102.11731823366006,125000
2024-03-14T11:30:00,AAPL_LOCAL,102.11731823366006,102.15816516095352,101.93111661384205,101.97955690337115,130000
2024-03-14T12:30:00,AAPL_LOCAL,101.97955690337115,102.02340811283959,101.80623721442035,101.85843966474853,135000
2024-03-15T09:30:00,AAPL_LOCAL,101.85843966474853,101.9052945469943,101.7132397942002,101.7539413707485,140000
2024-03-15T10:30:00,AAPL_LOCAL,101.7539413707485,101.80380080202016,101.62276809234154,101.66724751312853,145000
2024-03-15T11:30:00,AAPL_LOCAL,101.66724751312853,101.72011448183534,101.55247137189343,101.60073171946017,150000
2024-03-15T12:30:00,AAPL_LOCAL,101.60073171946017,101.64137201214795,101.50574920381997,101.55779757507719,155000
2024-03-18T09:30:00,AAPL_LOCAL,101.55779757507719,101.60146742803447,101.50198391344234,101.54260095382386,160000
2024-03-18T10:30:00,AAPL_LOCAL,101.54260095382386,101.60639958488883,101.49817606590656,101.55968213110853,165000
2024-03-18T11:30:00,AAPL_LOCAL,101.55968213110853,101.66333712209587,101.51144128209626,101.61354648431856,170000
2024-03-18T12:30:00,AAPL_LOCAL,101.61354648431856,101.7611259174893,101.56146954174535,101.70823763391967,175000
2024-03-19T09:30:00,AAPL_LOCAL,101.70823763391967,101.74892092897323,101.53779445261547,101.57842582294465,180000
2024-03-19T10:30:00,AAPL_LOCAL,101.57842582294465,101.6221045460485,101.44998938839707,101.49439318541569,100000
2024-03-19T11:30:00,AAPL_LOCAL,101.49439318541569,101.54108060628097,101.4082361498325,101.45642795311024,105000
2024-03-19T12:30:00,AAPL_LOCAL,101.45642795311024,101.5130988465501,101.40443153378428,101.46338178947326,110000
2024-03-20T09:30:00,AAPL_LOCAL,101.46338178947326,101.56553688102714,101.42279643675748,101.51275025089669,115000
2024-03-20T10:30:00,AAPL_LOCAL,101.51275025089669,101.64152347575545,101.46833842266192,101.60088312250645,120000
2024-03-20T11:30:00,AAPL_LOCAL,101.60088312250645,101.76704539971625,101.55262270302326,101.72330437883336,125000
2024-03-20T12:30:00,AAPL_LOCAL,101.72330437883336,101.921972900759,101.67117118533922,101.87511034999801,130000
2024-03-21T09:30:00,AAPL_LOCAL,101.87511034999801,102.10141142718795,101.83436030585801,102.05140623813128,135000
2024-03-21T10:30:00,AAPL_LOCAL,102.05140623813128,102.30090526626203,102.0067587479021,102.24773644331152,140000
2024-03-21T11:30:00,AAPL_LOCAL,102.24773644331152,102.50144820112664,102.19916876850095,102.46046401552043,145000
2024-03-21T12:30:00,AAPL_LOCAL,102.46046401552043,102.5045220150471,102.36383464377829,102.41632300932056,150000
2024-03-22T09:30:00,AAPL_LOCAL,102.41632300932056,102.46343451790484,102.34329521915382,102.3842489187213,155000
2024-03-22T10:30:00,AAPL_LOCAL,102.3842489187213,102.43441720069146,102.31940929521302,102.3641936299261,160000
2024-03-22T11:30:00,AAPL_LOCAL,102.3641936299261,102.41742301061365,102.30866895249184,102.35728866460754,165000
2024-03-22T12:30:00,AAPL_LOCAL,102.35728866460754,102.40654121466532,102.30483055416694,102.36559497667466,170000
2024-03-25T09:30:00,AAPL_LOCAL,102.36559497667466,102.43578838933202,102.32464873868399,102.39175993256103,175000
2024-03-25T10:30:00,AAPL_LOCAL,102.39175993256103,102.48574320213454,102.34696353759054,102.43862143627386,180000
2024-03-25T11:30:00,AAPL_LOCAL,102.43862143627386,102.55903375882374,102.38996309109163,102.50880444464588,100000
2024-03-25T12:30:00,AAPL_LOCAL,102.50880444464588,102.65770956518081,102.456268682368,102.6043553004246,105000
2024-03-26T09:30:00,AAPL_LOCAL,102.6043553004246,102.76754520005622,102.56331355830443,102.72645461820893,110000
2024-03-26T10:30:00,AAPL_LOCAL,102.72645461820893,102.91947696288652,102.68151179431347,102.87524060942448,115000
2024-03-26T11:30:00,AAPL_LOCAL,102.87524060942448,102.9225632201048,102.72925059743123,102.7780701807671,120000
2024-03-26T12:30:00,AAPL_LOCAL,102.7780701807671,102.82843143515566,102.6517227675325,102.70435875139259,125000
2024-03-27T09:30:00,AAPL_LOCAL,102.70435875139259,102.7577650179433,102.61015207377542,102.65121255879895,130000
2024-03-27T10:30:00,AAPL_LOCAL,102.65121255879895,102.69227304382247,102.57042074282752,102.61531494311514,135000
2024-03-27T11:30:00,AAPL_LOCAL,102.61531494311514,102.65943952854067,102.54458992278695,102.5933217506185,140000
2024-03-27T12:30:00,AAPL_LOCAL,102.5933217506185,102.64051467862377,102.52970523852586,102.58227865633722,145000
2024-03-28T09:30:00,AAPL_LOCAL,102.58227865633722,102.63254397287882,102.5389818659457,102.58001387149429,150000
2024-03-28T10:30:00,AAPL_LOCAL,102.58001387149429,102.63880605100232,102.5351351154255,102.58546161096463,155000
2024-03-28T11:30:00,AAPL_LOCAL,102.58546161096463,102.63991830890458,102.53673351669941,102.59887875740162,160000
2024-03-28T12:30:00,AAPL_LOCAL,102.59887875740162,102.66605616258315,102.54629683203846,102.62192873322786,165000
2024-03-29T09:30:00,AAPL_LOCAL,102.62192873322786,102.70484386935156,102.58087996173458,102.65762136352436,170000
2024-03-29T10:30:00,AAPL_LOCAL,102.65762136352436,102.70792359799248,102.39449936068162,102.43931656167736,175000
2024-03-29T11:30:00,AAPL_LOCAL,102.43931656167736,102.49258500628942,102.19455499486273,102.24312047708935,180000
2024-03-29T12:30:00,AAPL_LOCAL,102.24312047708935,102.28401772528018,102.02191727858636,102.07423032162619,100000
2024-04-01T09:30:00,AAPL_LOCAL,102.07423032162619,102.11812224066448,101.89699173233461,101.93776683907024,105000
2024-04-01T10:30:00,AAPL_LOCAL,101.93776683907024,101.9846582118162,101.79378222674738,101.83833649896567,110000
2024-04-01T11:30:00,AAPL_LOCAL,101.83833649896567,101.88823728385016,101.73130199153341,101.77964732401232,115000
2024-04-01T12:30:00,AAPL_LOCAL,101.77964732401232,101.83257274062079,101.7120618491885,101.76421600989356,120000
2024-04-02T09:30:00,AAPL_LOCAL,101.76421600989356,101.83391139512466,101.7235103234896,101.79319411747767,125000
2024-04-02T10:30:00,AAPL_LOCAL,101.79319411747767,101.91013143468508,101.74865959505128,101.86632891325239,130000
2024-04-02T11:30:00,AAPL_LOCAL,101.86632891325239,102.02897280276468,101.81794240701859,101.98206105467955,135000
2024-04-02T12:30:00,AAPL_LOCAL,101.98206105467955,102.1877953705094,101.92979524838903,102.13774787405113,140000
2024-04-03T09:30:00,AAPL_LOCAL,102.13774787405113,102.19085950294563,102.01936962134165,102.06019369882118,145000
2024-04-03T10:30:00,AAPL_LOCAL,102.06019369882118,102.10101777630071,101.97032234485941,102.01495388718506,150000
2024-04-03T11:30:00,AAPL_LOCAL,102.01495388718506,102.05882031735653,101.94964157846931,101.9980906715383,155000
2024-04-03T12:30:00,AAPL_LOCAL,101.9980906715383,102.05308080028308,101.94581665006913,102.006157967618,160000
2024-04-04T09:30:00,AAPL_LOCAL,102.006157967618,102.08652905757185,101.96535550443095,102.03653115730478,165000
2024-04-04T10:30:00,AAPL_LOCAL,102.03653115730478,102.14072043874759,101.99189017492345,102.08763486861592,170000
2024-04-04T11:30:00,AAPL_LOCAL,102.08763486861592,102.19990810367733,102.03914324205333,102.15904448588299,175000
2024-04-04T12:30:00,AAPL_LOCAL,102.15904448588299,102.29541924607031,102.10668797558398,102.25145112208781,180000
2024-04-05T09:30:00,AAPL_LOCAL,102.25145112208781,102.4135836790785,102.21055054163898,102.36649509133649,100000
2024-04-05T10:30:00,AAPL_LOCAL,102.36649509133649,102.55671584213599,102.32170974973403,102.50648766318103,105000
2024-04-05T11:30:00,AAPL_LOCAL,102.50648766318103,102.72744378381365,102.45779708154102,102.67405327611009,110000
2024-04-05T12:30:00,AAPL_LOCAL,102.67405327611009,102.71512289742053,102.54792705595317,102.6005098172345,115000
2024-04-08T09:30:00,AAPL_LOCAL,102.6005098172345,102.6446280364559,102.51762896405,102.55865242502001,120000
2024-04-08T10:30:00,AAPL_LOCAL,102.55865242502001,102.60582940513551,102.5046080519661,102.54947344659898,125000
2024-04-08T11:30:00,AAPL_LOCAL,102.54947344659898,102.62315956758711,102.50076244671185,102.57289884715202,130000
2024-04-08T12:30:00,AAPL_LOCAL,102.57289884715202,102.6810366781873,102.52033023649287,102.6276702896367,135000
2024-04-09T09:30:00,AAPL_LOCAL,102.6276702896367,102.75244685973531,102.58661922152085,102.71136231480939,140000
2024-04-09T10:30:00,AAPL_LOCAL,102.71136231480939,102.86474824331309,102.66642609379666,102.82053541308547,145000
2024-04-09T11:30:00,AAPL_LOCAL,102.82053541308547,102.99836902507948,102.77169565876424,102.95101155976201,150000
2024-04-09T12:30:00,AAPL_LOCAL,102.95101155976201,103.14876373459543,102.89824916633764,103.09824559425427,155000
2024-04-10T09:30:00,AAPL_LOCAL,103.09824559425427,103.31144898995167,103.05700629601657,103.25775495737385,160000
2024-04-10T10:30:00,AAPL_LOCAL,103.25775495737385,103.4669332299787,103.21257968958,103.42556300477679,165000
2024-04-10T11:30:00,AAPL_LOCAL,103.42556300477679,103.47003599686884,103.27638921413332,103.32546881181894,170000
2024-04-10T12:30:00,AAPL_LOCAL,103.32546881181894,103.37299852747236,103.17568289208769,103.22858754320357,175000
2024-04-11T09:30:00,AAPL_LOCAL,103.22858754320357,103.27916955109973,103.093288495862,103.1345423127871,180000
2024-04-11T10:30:00,AAPL_LOCAL,103.1345423127871,103.18817227478974,102.99939723906377,103.0444791987132,100000
2024-04-11T11:30:00,AAPL_LOCAL,103.0444791987132,103.08569699039269,102.91206660301205,102.96097306521803,105000
2024-04-11T12:30:00,AAPL_LOCAL,102.96097306521803,103.00524628363607,102.83506507615422,102.88779507112817,110000
2024-04-12T09:30:00,AAPL_LOCAL,102.88779507112817,102.93512345686088,102.78843557504557,102.82956740200636,115000
2024-04-12T10:30:00,AAPL_LOCAL,102.82956740200636,102.87995389003333,102.74637158400274,102.7913427964762,120000
2024-04-12T11:30:00,AAPL_LOCAL,102.7913427964762,102.84479429473035,102.72933424878384,102.77815387187299,125000
2024-04-12T12:30:00,AAPL_LOCAL,102.77815387187299,102.83569728758845,102.72548006801367,102.79457945580613,130000
2024-04-15T09:30:00,AAPL_LOCAL,102.79457945580613,102.88859526531809,102.75346162402381,102.84437218527843,135000
2024-04-15T10:30:00,AAPL_LOCAL,102.84437218527843,102.89168059648365,102.61389367486834,102.65880690288834,140000
2024-04-15T11:30:00,AAPL_LOCAL,102.65880690288834,102.70910971827075,102.46203632961326,102.51072892585303,145000
2024-04-15T12:30:00,AAPL_LOCAL,102.51072892585303,102.56403450489447,102.34750024757938,102.39998023745106,150000
2024-04-16T09:30:00,AAPL_LOCAL,102.39998023745106,102.44094022954603,102.28434360625718,102.32527371574348,155000
2024-04-16T10:30:00,AAPL_LOCAL,102.32527371574348,102.36927358344124,102.23969897373253,102.28444841991625,160000
2024-04-16T11:30:00,AAPL_LOCAL,102.28444841991625,102.3314992661894,102.22623251482779,102.27481305102702,165000
2024-04-16T12:30:00,AAPL_LOCAL,102.27481305102702,102.34366322068995,102.22239720933838,102.29353938639063,170000
2024-04-17T09:30:00,AAPL_LOCAL,102.29353938639063,102.39127791004701,102.25262197063608,102.33806211774579,175000
2024-04-17T10:30:00,AAPL_LOCAL,102.33806211774579,102.4474031741003,102.29328921556927,102.40644059786116,180000
2024-04-17T11:30:00,AAPL_LOCAL,102.40644059786116,102.54171584026479,102.35779753857717,102.49764185426746,100000
2024-04-17T12:30:00,AAPL_LOCAL,102.49764185426746,102.65891405415202,102.44511181281716,102.61171266632552,105000
2024-04-18T09:30:00,AAPL_LOCAL,102.61171266632552,102.661992405532,102.43792737081982,102.47891893839517,110000
2024-04-18T10:30:00,AAPL_LOCAL,102.47891893839517,102.53220797624311,102.32741687608964,102.37220471565274,115000
2024-04-18T11:30:00,AAPL_LOCAL,102.37220471565274,102.413153597539,102.24574885808141,102.29433866894917,120000
2024-04-18T12:30:00,AAPL_LOCAL,102.29433866894917,102.3383252345768,102.19613213764222,102.2485345115794,125000
2024-04-19T09:30:00,AAPL_LOCAL,102.2485345115794,102.29556883745471,102.19716380267252,102.23805902628303,130000
2024-04-19T10:30:00,AAPL_LOCAL,102.23805902628303,102.31593215044666,102.19332987545903,102.26582189771679,135000
2024-04-19T11:30:00,AAPL_LOCAL,102.26582189771679,102.38720554255416,102.21724563231537,102.33399186678345,140000
2024-04-19T12:30:00,AAPL_LOCAL,102.33399186678345,102.48465816122258,102.28154569595173,102.44368068894701,145000
2024-04-22T09:30:00,AAPL_LOCAL,102.44368068894701,102.63884500750093,102.40270321667144,102.59472927391316,150000
2024-04-22T10:30:00,AAPL_LOCAL,102.59472927391316,102.8329014437087,102.54984407985583,102.78562005848181,155000
2024-04-22T11:30:00,AAPL_LOCAL,102.78562005848181,103.06400374425687,102.73679688895403,103.01352711597005,160000
2024-04-22T12:30:00,AAPL_LOCAL,103.01352711597005,103.06709415007033,102.94942805422484,103.0022166902786,165000
2024-04-23T09:30:00,AAPL_LOCAL,103.0022166902786,103.05960965374382,102.96101580360249,103.01840229282669,170000
2024-04-23T10:30:00,AAPL_LOCAL,103.01840229282669,103.10103276881051,102.97333174182359,103.05671837990715,175000
2024-04-23T11:30:00,AAPL_LOCAL,103.05671837990715,103.15931339926253,103.0077664386767,103.1118819335731,180000
2024-04-23T12:30:00,AAPL_LOCAL,103.1118819335731,103.22969906007691,103.05903709408216,103.17914128084931,100000
2024-04-24T09:30:00,AAPL_LOCAL,103.17914128084931,103.30837044914887,103.13786962433697,103.25467801658026,105000
2024-04-24T10:30:00,AAPL_LOCAL,103.25467801658026,103.37725388079048,103.209504094948,103.33591951298528,110000
2024-04-24T11:30:00,AAPL_LOCAL,103.33591951298528,103.46620001061098,103.28683495121662,103.42172866728406,115000
2024-04-24T12:30:00,AAPL_LOCAL,103.42172866728406,103.56006656563109,103.36872503134208,103.51245083824551,120000
2024-04-25T09:30:00,AAPL_LOCAL,103.51245083824551,103.66058261350098,103.47104585791023,103.60981380473667,125000
2024-04-25T10:30:00,AAPL_LOCAL,103.60981380473667,103.77062572774072,103.56448451119711,103.71669304735612,130000
2024-04-25T11:30:00,AAPL_LOCAL,103.71669304735612,103.75817972457506,103.51380963462303,103.56300206060182,135000
2024-04-25T12:30:00,AAPL_LOCAL,103.56300206060182,103.60753415148787,103.37357658608887,103.4265827097276,140000
2024-04-26T09:30:00,AAPL_LOCAL,103.4265827097276,103.47415893777406,103.26998028298789,103.31130480490985,145000
2024-04-26T10:30:00,AAPL_LOCAL,103.31130480490985,103.36192734426425,103.17539426233947,103.22055325438826,150000
2024-04-26T11:30:00,AAPL_LOCAL,103.22055325438826,103.27422794208053,103.10789814239557,103.15689766878825,155000
2024-04-26T12:30:00,AAPL_LOCAL,103.15689766878825,103.19816042785575,103.06901963001422,103.12186958817816,160000
2024-04-29T09:30:00,AAPL_LOCAL,103.12186958817816,103.16621199210107,103.07462284873492,103.11586919641348,165000
2024-04-29T10:30:00,AAPL_LOCAL,103.11586919641348,103.18565303670438,103.07075600364006,103.13820946035263,170000
2024-04-29T11:30:00,AAPL_LOCAL,103.13820946035263,103.23785289453727,103.08921881085895,103.18729112188755,175000
2024-04-29T12:30:00,AAPL_LOCAL,103.18729112188755,103.31458383861354,103.1344076351876,103.26088817676164,180000
2024-04-30T09:30:00,AAPL_LOCAL,103.26088817676164,103.39785425296908,103.21958382149094,103.35651164830976,100000
2024-04-30T10:30:00,AAPL_LOCAL,103.35651164830976,103.40095494831853,103.15385589479035,103.19900545967896,105000
2024-04-30T11:30:00,AAPL_LOCAL,103.19900545967896,103.2464770021904,103.01042042799976,103.05937363047424,110000
2024-04-30T12:30:00,AAPL_LOCAL,103.05937363047424,103.10987272355317,102.88378081228221,102.93653578687298,115000
2024-05-01T09:30:00,AAPL_LOCAL,102.93653578687298,102.99006278548214,102.7893969213103,102.83052913296348,120000
2024-05-01T10:30:00,AAPL_LOCAL,102.83052913296348,102.87166134461665,102.69766679407785,102.74261668887922,125000
2024-05-01T11:30:00,AAPL_LOCAL,102.74261668887922,102.78679601405544,102.62648627629171,102.67525702337782,130000
2024-05-01T12:30:00,AAPL_LOCAL,102.67525702337782,102.72248764160857,102.5793385030133,102.63193737091589,135000
2024-05-02T09:30:00,AAPL_LOCAL,102.63193737091589,102.68222702022763,102.57584051590298,102.6168872708113,140000
2024-05-02T10:30:00,AAPL_LOCAL,102.6168872708113,102.68807298044598,102.57199238263033,102.63470293491984,145000
2024-05-02T11:30:00,AAPL_LOCAL,102.63470293491984,102.73099792531544,102.58595145102575,102.68992195653283,150000
2024-05-02T12:30:00,AAPL_LOCAL,102.68992195653283,102.83079105128436,102.63729337153012,102.78659281637333,155000
2024-05-03T09:30:00,AAPL_LOCAL,102.78659281637333,102.83387464906885,102.61544981837059,102.65651242333992,160000
2024-05-03T10:30:00,AAPL_LOCAL,102.65651242333992,102.70681411442735,102.52787839638756,102.57275397625217,165000
2024-05-03T11:30:00,AAPL_LOCAL,102.57275397625217,102.62609180831981,102.48682574230112,102.5355301191077,170000
2024-05-03T12:30:00,AAPL_LOCAL,102.5355301191077,102.58461992377218,102.48298065992167,102.54360248277908,175000
2024-05-06T09:30:00,AAPL_LOCAL,102.54360248277908,102.6384859505796,102.50258504178598,102.59437037131993,180000
2024-05-06T10:30:00,AAPL_LOCAL,102.59437037131993,102.73132460357523,102.54948533428248,102.68408992221103,100000
2024-05-06T11:30:00,AAPL_LOCAL,102.68408992221103,102.85857863297801,102.63531497949798,102.8082026136973,105000
2024-05-06T12:30:00,AAPL_LOCAL,102.8082026136973,103.0152809311252,102.7555134098578,102.96174082589576,110000
2024-05-07T09:30:00,AAPL_LOCAL,102.96174082589576,103.18102572518224,102.92055612956541,103.13976981725534,115000
2024-05-07T10:30:00,AAPL_LOCAL,103.13976981725534,103.38225623678737,103.09464616796029,103.33782097376866,120000
2024-05-07T11:30:00,AAPL_LOCAL,103.33782097376866,103.59990535235133,103.28873550880611,103.55227130754986,125000
2024-05-07T12:30:00,AAPL_LOCAL,103.55227130754986,103.60301192049054,103.45396239963718,103.50700974213001,130000
2024-05-08T09:30:00,AAPL_LOCAL,103.50700974213001,103.5608333871959,103.43252000661178,103.47390957043996,135000
2024-05-08T10:30:00,AAPL_LOCAL,103.47390957043996,103.51529913426813,103.40772876504407,103.45298944792754,140000
2024-05-08T11:30:00,AAPL_LOCAL,103.45298944792754,103.49747423339014,103.3963130938809,103.44544968248009,145000
2024-05-08T12:30:00,AAPL_LOCAL,103.44544968248009,103.50100201873242,103.39243388951783,103.4534134485461,150000
2024-05-09T09:30:00,AAPL_LOCAL,103.4534134485461,103.53028114211436,103.4120320831667,103.47957614980098,155000
2024-05-09T10:30:00,AAPL_LOCAL,103.47957614980098,103.58063767054749,103.43430383523544,103.52680373260655,160000
2024-05-09T11:30:00,AAPL_LOCAL,103.52680373260655,103.63916490919763,103.47762850083356,103.59772581887009,165000
2024-05-09T12:30:00,AAPL_LOCAL,103.59772581887009,103.73895801268752,103.54463198438792,103.69436943383099,170000
2024-05-10T09:30:00,AAPL_LOCAL,103.69436943383099,103.86563033468065,103.65289168605746,103.81787411258887,175000
2024-05-10T10:30:00,AAPL_LOCAL,103.81787411258887,104.01926450389266,103.7724537926646,103.9683200270794,180000
2024-05-10T11:30:00,AAPL_LOCAL,103.9683200270794,104.02238355349347,103.82077086603226,103.87010916788701,100000
2024-05-10T12:30:00,AAPL_LOCAL,103.87010916788701,103.91165721155416,103.74227585756455,103.79547103647073,105000
2024-05-13T09:30:00,AAPL_LOCAL,103.79547103647073,103.84010308901641,103.69995174766673,103.74144832699753,110000
2024-05-13T10:30:00,AAPL_LOCAL,103.74144832699753,103.78916939322794,103.65930562015004,103.70467641608207,115000
2024-05-13T11:30:00,AAPL_LOCAL,103.70467641608207,103.75549170752593,103.63253646976298,103.68178531778894,120000
2024-05-13T12:30:00,AAPL_LOCAL,103.68178531778894,103.73569984615418,103.61669051592736,103.66982129934327,125000
2024-05-14T09:30:00,AAPL_LOCAL,103.66982129934327,103.711289227863,103.62517444178167,103.66664109822095,130000
2024-05-14T10:30:00,AAPL_LOCAL,103.66664109822095,103.71581252740786,103.62128694274048,103.67123389683223,135000
2024-05-14T11:30:00,AAPL_LOCAL,103.67123389683223,103.73162822593763,103.62199006073124,103.68393361647406,140000
2024-05-14T12:30:00,AAPL_LOCAL,103.68393361647406,103.75731218637038,103.63079560049563,103.70649600332877,145000
2024-05-15T09:30:00,AAPL_LOCAL,103.70649600332877,103.79597588835716,103.66501340492744,103.74203003274015,150000
2024-05-15T10:30:00,AAPL_LOCAL,103.74203003274015,103.78352684475324,103.47584213047939,103.52113262600326,155000
2024-05-15T11:30:00,AAPL_LOCAL,103.52113262600326,103.56564671303244,103.27378023860257,103.32285859643588,160000
2024-05-15T12:30:00,AAPL_LOCAL,103.32285859643588,103.37038711139023,103.09960134755346,103.15246698688424,165000
2024-05-16T09:30:00,AAPL_LOCAL,103.15246698688424,103.2030116957078,102.97390909338166,103.01511513943744,170000
2024-05-16T10:30:00,AAPL_LOCAL,103.01511513943744,103.06868299930993,102.87039254985937,102.91541804525417,175000
2024-05-16T11:30:00,AAPL_LOCAL,102.91541804525417,102.95658421247226,102.80820704489064,102.85706415036206,180000
2024-05-16T12:30:00,AAPL_LOCAL,102.85706415036206,102.90129268794671,102.78981842384624,102.84252521802047,100000
2024-05-17T09:30:00,AAPL_LOCAL,102.84252521802047,102.92020923516857,102.80138820793327,102.87288770682345,105000
2024-05-17T10:30:00,AAPL_LOCAL,102.87288770682345,102.99826512796749,102.82788081845172,102.94782069582654,110000
2024-05-17T11:30:00,AAPL_LOCAL,102.94782069582654,103.11927598937879,102.89892048099601,103.0656818348247,115000
2024-05-17T12:30:00,AAPL_LOCAL,103.0656818348247,103.2650387398174,103.01286067288436,103.22374924012135,120000
2024-05-20T09:30:00,AAPL_LOCAL,103.22374924012135,103.2681354522946,103.10463151459501,103.14588987054323,125000
2024-05-20T10:30:00,AAPL_LOCAL,103.14588987054323,103.19333697988367,103.05536723101895,103.10047368825757,130000
2024-05-20T11:30:00,AAPL_LOCAL,103.10047368825757,103.1509929203648,103.03457182896776,103.08353650880944,135000
2024-05-20T12:30:00,AAPL_LOCAL,103.08353650880944,103.14523865645829,103.03070619634869,103.09163100833398,140000
2024-05-21T09:30:00,AAPL_LOCAL,103.09163100833398,103.16340417753345,103.05039435593065,103.1221553154073,145000
2024-05-21T10:30:00,AAPL_LOCAL,103.1221553154073,103.21794151566417,103.07703937245681,103.1735768776068,150000
2024-05-21T11:30:00,AAPL_LOCAL,103.1735768776068,103.29302072019836,103.12456942858994,103.24552777742075,155000
2024-05-21T12:30:00,AAPL_LOCAL,103.24552777742075,103.38939793015675,103.19261444443482,103.33876193680773,160000
2024-05-22T09:30:00,AAPL_LOCAL,103.33876193680773,103.50877672604844,103.297426432033,103.45498013637754,165000
2024-05-22T10:30:00,AAPL_LOCAL,103.45498013637754,103.63798220849837,103.40971858256788,103.59654359106194,170000
2024-05-22T11:30:00,AAPL_LOCAL,103.59654359106194,103.81072860483903,103.54733523285618,103.76610917789255,175000
2024-05-22T12:30:00,AAPL_LOCAL,103.76610917789255,103.81384158811437,103.63897683038185,103.69211904139055,180000
2024-05-23T09:30:00,AAPL_LOCAL,103.69211904139055,103.74292817972082,103.60877130380736,103.6502313963659,100000
2024-05-23T10:30:00,AAPL_LOCAL,103.6502313963659,103.70412951669199,103.59605265603247,103.64139576668039,105000
2024-05-23T11:30:00,AAPL_LOCAL,103.64139576668039,103.70694052259643,103.59216610369121,103.66547433286328,110000
2024-05-23T12:30:00,AAPL_LOCAL,103.66547433286328,103.76572991119083,103.6123457772677,103.72112982536594,115000
2024-05-24T09:30:00,AAPL_LOCAL,103.72112982536594,103.85360105585254,103.6796413734358,103.80585036468479,120000
2024-05-24T10:30:00,AAPL_LOCAL,103.80585036468479,103.96703016233155,103.76043530515024,103.91611126781034,125000
2024-05-24T11:30:00,AAPL_LOCAL,103.91611126781034,104.10176427556623,103.86675111495812,104.04765949263007,130000
2024-05-24T12:30:00,AAPL_LOCAL,104.04765949263007,104.23757151218854,103.99433506714011,104.19589315492657,135000
2024-05-27T09:30:00,AAPL_LOCAL,104.19589315492657,104.40117094310887,104.1542147976646,104.35629773508279,140000
2024-05-27T10:30:00,AAPL_LOCAL,104.35629773508279,104.57297489757113,104.3106418548237,104.52489344658571,145000
2024-05-27T11:30:00,AAPL_LOCAL,104.52489344658571,104.57611064437452,104.3730051759346,104.42260591374362,150000
2024-05-27T12:30:00,AAPL_LOCAL,104.42260591374362,104.47690566881876,104.27004365837725,104.32350945697394,155000
2024-05-28T09:30:00,AAPL_LOCAL,104.32350945697394,104.36523886075672,104.18561382339645,104.22730474529456,160000
2024-05-28T10:30:00,AAPL_LOCAL,104.22730474529456,104.27212248633504,104.0896711547611,104.13523031802524,165000
2024-05-28T11:30:00,AAPL_LOCAL,104.13523031802524,104.18313252397152,104.00053574773602,104.0499594784883,170000
2024-05-28T12:30:00,AAPL_LOCAL,104.0499594784883,104.10094395863275,103.92207104809619,103.97535841928607,175000
2024-05-29T09:30:00,AAPL_LOCAL,103.97535841928607,104.02942560566409,103.87456568935421,103.9161321422111,180000
2024-05-29T10:30:00,AAPL_LOCAL,103.9161321422111,103.95769859506798,103.83195031455713,103.87739667560271,100000
2024-05-29T11:30:00,AAPL_LOCAL,103.87739667560271,103.92206395617322,103.81488782366299,103.86422332974462,105000
2024-05-29T12:30:00,AAPL_LOCAL,103.86422332974462,103.92898801972885,103.81099291528814,103.88120266650226,110000
2024-05-30T09:30:00,AAPL_LOCAL,103.88120266650226,103.98299933257448,103.83965018543566,103.93207261699217,115000
2024-05-30T10:30:00,AAPL_LOCAL,103.93207261699217,103.98611729475299,103.69980976650504,103.74519829075724,120000
2024-05-30T11:30:00,AAPL_LOCAL,103.74519829075724,103.78669637007354,103.54703033529584,103.59623854860644,125000
2024-05-30T12:30:00,AAPL_LOCAL,103.59623854860644,103.64078493118232,103.43193094227101,103.48496698785227,130000
2024-05-31T09:30:00,AAPL_LOCAL,103.48496698785227,103.53257007266667,103.36866303206077,103.41002704287791,135000
2024-05-31T10:30:00,AAPL_LOCAL,103.41002704287791,103.46069795612891,103.3239715981619,103.36919562124619,140000
2024-05-31T11:30:00,AAPL_LOCAL,103.36919562124619,103.42294760296923,103.31063810686939,103.35973398051013,145000
2024-05-31T12:30:00,AAPL_LOCAL,103.35973398051013,103.42013835682438,103.30676211684512,103.37878684208755,150000
2024-06-03T09:30:00,AAPL_LOCAL,103.37878684208755,103.46825776735126,103.33743532735072,103.42378553956925,155000
2024-06-03T10:30:00,AAPL_LOCAL,103.42378553956925,103.54041701296886,103.3785376333957,103.49281032022157,160000
2024-06-03T11:30:00,AAPL_LOCAL,103.49281032022157,103.6356276608051,103.44365123531946,103.58487107397886,165000
2024-06-03T12:30:00,AAPL_LOCAL,103.58487107397886,103.75399856228945,103.53178382755345,103.70007452353722,170000
2024-06-04T09:30:00,AAPL_LOCAL,103.70007452353722,103.74155455334663,103.52445691573378,103.5658832690414,175000
2024-06-04T10:30:00,AAPL_LOCAL,103.5658832690414,103.61041659884707,103.41292135628088,103.45818431191734,180000
2024-06-04T11:30:00,AAPL_LOCAL,103.45818431191734,103.50577507670081,103.33070238388447,103.37980779258595,100000
2024-06-04T12:30:00,AAPL_LOCAL,103.37980779258595,103.4304638984043,103.28105494966262,103.33401363164883,105000
2024-06-05T09:30:00,AAPL_LOCAL,103.33401363164883,103.38774731873727,103.2827636280239,103.32409326533003,110000
2024-06-05T10:30:00,AAPL_LOCAL,103.32409326533003,103.39429659750022,103.27888897452645,103.35295541533408,115000
2024-06-05T11:30:00,AAPL_LOCAL,103.35295541533408,103.46721261248946,103.3038627615118,103.42274083393087,120000
2024-06-05T12:30:00,AAPL_LOCAL,103.42274083393087,103.58213353168718,103.36973667925349,103.53450765816443,125000
2024-06-06T09:30:00,AAPL_LOCAL,103.53450765816443,103.73882875730712,103.49309385510116,103.68802162671004,130000
2024-06-06T10:30:00,AAPL_LOCAL,103.68802162671004,103.93569330030034,103.64265811724836,103.88167482938907,135000
2024-06-06T11:30:00,AAPL_LOCAL,103.88167482938907,104.15418890420663,103.83233103384511,104.11254388665198,140000
2024-06-06T12:30:00,AAPL_LOCAL,104.11254388665198,104.15731228052323,104.04804183894896,104.10139380327313,145000
2024-06-07T09:30:00,AAPL_LOCAL,104.10139380327313,104.16564462401794,104.05975324575182,104.1177504588069,150000
2024-06-07T10:30:00,AAPL_LOCAL,104.1177504588069,104.20721949524504,104.07219894298117,104.15618296559191,155000
2024-06-07T11:30:00,AAPL_LOCAL,104.15618296559191,104.26555854372545,104.10670877868326,104.21136863203681,160000
2024-06-07T12:30:00,AAPL_LOCAL,104.21136863203681,104.32025661315369,104.1579603056129,104.27854519507567,165000
2024-06-10T09:30:00,AAPL_LOCAL,104.27854519507567,104.39878537278828,104.23683377699764,104.35391319011654,170000
2024-06-10T10:30:00,AAPL_LOCAL,104.35391319011654,104.48298594015404,104.30825835309587,104.43494586505612,175000
2024-06-10T11:30:00,AAPL_LOCAL,104.43494586505612,104.57178864619907,104.38533926577021,104.52057356515216,180000
2024-06-10T12:30:00,AAPL_LOCAL,104.52057356515216,104.66562097815581,104.46700677120003,104.61122314212193,100000
2024-06-11T09:30:00,AAPL_LOCAL,104.61122314212193,104.75059256105762,104.56937865286508,104.70870907742665,105000
2024-06-11T10:30:00,AAPL_LOCAL,104.70870907742665,104.861060498309,104.66289901720528,104.81598962277121,110000
2024-06-11T11:30:00,AAPL_LOCAL,104.81598962277121,104.86420497799767,104.61043482182153,104.66014839230787,115000
2024-06-11T12:30:00,AAPL_LOCAL,104.66014839230787,104.71143186502009,104.46841287627967,104.52198039123017,120000
2024-06-12T09:30:00,AAPL_LOCAL,104.52198039123017,104.57633182103359,104.36361754901539,104.40537970089574,125000
2024-06-12T10:30:00,AAPL_LOCAL,104.40537970089574,104.44714185277608,104.2680929359056,104.31373019286498,130000
2024-06-12T11:30:00,AAPL_LOCAL,104.31373019286498,104.3585850968479,104.20005811963635,104.24957666855391,135000
2024-06-12T12:30:00,AAPL_LOCAL,104.24957666855391,104.29753147382144,104.16099640659326,104.21440628981678,140000
2024-06-13T09:30:00,AAPL_LOCAL,104.21440628981678,104.26547134889877,104.16687825122406,104.20856167589442,145000
2024-06-13T10:30:00,AAPL_LOCAL,104.20856167589442,104.28549317317565,104.16297043016121,104.23129290086722,150000
2024-06-13T11:30:00,AAPL_LOCAL,104.23129290086722,104.32265334420337,104.1817830367393,104.28094096781625,155000
2024-06-13T12:30:00,AAPL_LOCAL,104.28094096781625,104.40010422094457,104.22749698557026,104.35523147141187,160000
2024-06-14T09:30:00,AAPL_LOCAL,104.35523147141187,104.49969310894191,104.3134893788233,104.45164535207996,165000
2024-06-14T10:30:00,AAPL_LOCAL,104.45164535207996,104.50282665830247,104.24650228264673,104.29213008956091,170000
2024-06-14T11:30:00,AAPL_LOCAL,104.29213008956091,104.34636199720747,104.10112915001042,104.15060068533596,175000
2024-06-14T12:30:00,AAPL_LOCAL,104.15060068533596,104.19226092561009,103.97270632203112,104.02601965710538,180000
2024-06-17T09:30:00,AAPL_LOCAL,104.02601965710538,104.07075084555792,103.87692080727197,103.918488202553,100000
2024-06-17T10:30:00,AAPL_LOCAL,103.918488202553,103.96629070712616,103.78392295269255,103.82934829257054,105000
2024-06-17T11:30:00,AAPL_LOCAL,103.82934829257054,103.8802246732339,103.71185793882904,103.7611444824582,110000
2024-06-17T12:30:00,AAPL_LOCAL,103.7611444824582,103.81510027758907,103.66429301543738,103.71744820764378,115000
2024-06-18T09:30:00,AAPL_LOCAL,103.71744820764378,103.75893518692683,103.66108164213229,103.70256266719916,120000
2024-06-18T10:30:00,AAPL_LOCAL,103.70256266719916,103.7657395300743,103.65719279603226,103.72113944011505,125000
2024-06-18T11:30:00,AAPL_LOCAL,103.72113944011505,103.8254850176184,103.671871898881,103.77774725388163,130000
2024-06-18T12:30:00,AAPL_LOCAL,103.77774725388163,103.92733741192826,103.72456115841402,103.87643795732919,135000
2024-06-19T09:30:00,AAPL_LOCAL,103.87643795732919,103.93045370506698,103.70460451271059,103.74610295389213,140000
2024-06-19T10:30:00,AAPL_LOCAL,103.74610295389213,103.78760139507368,103.61728248683717,103.66263488960136,145000
2024-06-19T11:30:00,AAPL_LOCAL,103.66263488960136,103.70720982260389,103.57694660065626,103.62616903094596,150000
2024-06-19T12:30:00,AAPL_LOCAL,103.62616903094596,103.68304772207718,103.5730606193176,103.63537544937047,155000
2024-06-20T09:30:00,AAPL_LOCAL,103.63537544937047,103.73836297686745,103.59392129919073,103.68755607439101,160000
2024-06-20T10:30:00,AAPL_LOCAL,103.68755607439101,103.83283779380842,103.64219276860847,103.77887277996285,165000
2024-06-20T11:30:00,AAPL_LOCAL,103.77887277996285,103.946246362583,103.72957781539237,103.90468448878748,170000
2024-06-20T12:30:00,AAPL_LOCAL,103.90468448878748,104.10470590350639,103.85143333798699,104.05996012065451,175000
2024-06-21T09:30:00,AAPL_LOCAL,104.05996012065451,104.28767623648764,104.01833613660625,104.23972596254488,180000
2024-06-21T10:30:00,AAPL_LOCAL,104.23972596254488,104.49067707784945,104.19412108243627,104.43950172200569,100000
2024-06-21T11:30:00,AAPL_LOCAL,104.43950172200569,104.71010086665403,104.38989295868774,104.65567991309923,105000
2024-06-21T12:30:00,AAPL_LOCAL,104.65567991309923,104.69754218506446,104.55566302885667,104.60927528243892,110000
2024-06-24T09:30:00,AAPL_LOCAL,104.60927528243892,104.65425727081036,104.5333008955097,104.57513094788885,115000
2024-06-24T10:30:00,AAPL_LOCAL,104.57513094788885,104.62323550812486,104.5075912883122,104.5533333716623,120000
2024-06-24T11:30:00,AAPL_LOCAL,104.5533333716623,104.60456450501441,104.49549328657723,104.54515223388833,125000
2024-06-24T12:30:00,AAPL_LOCAL,104.54515223388833,104.60714044267019,104.49157284336847,104.55277300070983,130000
2024-06-25T09:30:00,AAPL_LOCAL,104.55277300070983,104.62077024162959,104.51095189150955,104.57893866616313,135000
2024-06-25T10:30:00,AAPL_LOCAL,104.57893866616313,104.67153172343203,104.53318538049668,104.62654231023863,140000
2024-06-25T11:30:00,AAPL_LOCAL,104.62654231023863,104.74637813749797,104.57684470264127,104.69821695769744,145000
2024-06-25T12:30:00,AAPL_LOCAL,104.69821695769744,104.8473188735216,104.64455912150663,104.7959688487857,150000
2024-06-26T09:30:00,AAPL_LOCAL,104.7959688487857,104.97545380397018,104.7540504612462,104.92089493860213,155000
2024-06-26T10:30:00,AAPL_LOCAL,104.92089493860213,105.11504521081925,104.8749920470665,105.07301600441748,160000
2024-06-26T11:30:00,AAPL_LOCAL,105.07301600441748,105.11819740129937,104.92388488425325,104.97374741427504,165000
2024-06-26T12:30:00,AAPL_LOCAL,104.97374741427504,105.0220353380856,104.84440253258911,104.89816284104513,170000
2024-06-27T09:30:00,AAPL_LOCAL,104.89816284104513,104.94956294083724,104.80130409969605,104.84324139625456,175000
2024-06-27T10:30:00,AAPL_LOCAL,104.84324139625456,104.89775988178059,104.7597185825419,104.80557101986308,180000
2024-06-27T11:30:00,AAPL_LOCAL,104.80557101986308,104.84749324827102,104.73198561709295,104.78175695164498,100000
2024-06-27T12:30:00,AAPL_LOCAL,104.78175695164498,104.82681310713419,104.71515351120883,104.76884754557592,105000
2024-06-28T09:30:00,AAPL_LOCAL,104.76884754557592,104.81704121544688,104.72282396034939,104.7647298522903,110000
2024-06-28T10:30:00,AAPL_LOCAL,104.7647298522903,104.81978646313372,104.71889528297993,104.76844992267162,115000
2024-06-28T11:30:00,AAPL_LOCAL,104.76844992267162,104.83490635822558,104.71868490895835,104.78042053954503,120000
2024-06-28T12:30:00,AAPL_LOCAL,104.78042053954503,104.84441233041171,104.72672057401853,104.80249133387817,125000
2024-07-01T09:30:00,AAPL_LOCAL,104.80249133387817,104.88295186047303,104.76057033734462,104.83787157569549,130000
2024-07-01T10:30:00,AAPL_LOCAL,104.83787157569549,104.8860969966203,104.56859684754396,104.61436563250818,135000
2024-07-01T11:30:00,AAPL_LOCAL,104.61436563250818,104.6656266716681,104.36441050419313,104.41400715759299,140000
2024-07-01T12:30:00,AAPL_LOCAL,104.41400715759299,104.46830244131492,104.1886923406413,104.24211642530926,145000
